x1,x2,pdf
7020.408203,-5.933357,0.000000
7061.224609,-5.933357,0.000000
7102.041016,-5.933357,0.000000
7142.857422,-5.933357,0.000000
7183.673340,-5.933357,0.000000
7224.489746,-5.933357,0.000000
7265.306152,-5.933357,0.000000
7306.122559,-5.933357,0.000000
7346.938965,-5.933357,0.000000
7387.754883,-5.933357,0.000000
7428.571289,-5.933357,0.000000
7469.387695,-5.933357,0.000000
7510.204102,-5.933357,0.000000
7551.020508,-5.933357,0.000000
7591.836914,-5.933357,0.000000
7632.653320,-5.933357,0.000000
7673.469238,-5.933357,0.000000
7714.285645,-5.933357,0.000000
7755.102051,-5.933357,0.000000
7795.918457,-5.933357,0.000000
7836.734863,-5.933357,0.000000
7877.550781,-5.933357,0.000000
7918.367188,-5.933357,0.000000
7959.183594,-5.933357,0.000000
8000.000000,-5.933357,0.000000
8040.816406,-5.933357,0.000000
8081.632812,-5.933357,0.000000
8122.449219,-5.933357,0.000000
8163.265137,-5.933357,0.000000
8204.082031,-5.933357,0.000000
8244.898438,-5.933357,0.000000
8285.713867,-5.933357,0.000000
8326.530273,-5.933357,0.000000
8367.346680,-5.933357,0.000000
8408.163086,-5.933357,0.000000
8448.979492,-5.933357,0.000000
8489.795898,-5.933357,0.000000
8530.612305,-5.933357,0.000000
8571.428711,-5.933357,0.000000
8612.245117,-5.933357,0.000000
8653.061523,-5.933357,0.000000
8693.877930,-5.933357,0.000000
8734.693359,-5.933357,0.000000
8775.509766,-5.933357,0.000000
8816.326172,-5.933357,0.000000
8857.142578,-5.933357,0.000000
8897.958984,-5.933357,0.000000
8938.775391,-5.933357,0.000000
8979.591797,-5.933357,0.000000
7020.408203,-5.233700,0.000000
7061.224609,-5.233700,0.000000
7102.041016,-5.233700,0.000000
7142.857422,-5.233700,0.000000
7183.673340,-5.233700,0.000000
7224.489746,-5.233700,0.000000
7265.306152,-5.233700,0.000000
7306.122559,-5.233700,0.000000
7346.938965,-5.233700,0.000000
7387.754883,-5.233700,0.000000
7428.571289,-5.233700,0.000000
7469.387695,-5.233700,0.000000
7510.204102,-5.233700,0.000000
7551.020508,-5.233700,0.000000
7591.836914,-5.233700,0.000000
7632.653320,-5.233700,0.000000
7673.469238,-5.233700,0.000000
7714.285645,-5.233700,0.000000
7755.102051,-5.233700,0.000000
7795.918457,-5.233700,0.000000
7836.734863,-5.233700,0.000000
7877.550781,-5.233700,0.000000
7918.367188,-5.233700,0.000000
7959.183594,-5.233700,0.000000
8000.000000,-5.233700,0.000000
8040.816406,-5.233700,0.000000
8081.632812,-5.233700,0.000000
8122.449219,-5.233700,0.000000
8163.265137,-5.233700,0.000000
8204.082031,-5.233700,0.000000
8244.898438,-5.233700,0.000000
8285.713867,-5.233700,0.000000
8326.530273,-5.233700,0.000000
8367.346680,-5.233700,0.000000
8408.163086,-5.233700,0.000000
8448.979492,-5.233700,0.000000
8489.795898,-5.233700,0.000000
8530.612305,-5.233700,0.000000
8571.428711,-5.233700,0.000000
8612.245117,-5.233700,0.000000
8653.061523,-5.233700,0.000000
8693.877930,-5.233700,0.000000
8734.693359,-5.233700,0.000000
8775.509766,-5.233700,0.000000
8816.326172,-5.233700,0.000000
8857.142578,-5.233700,0.000000
8897.958984,-5.233700,0.000000
8938.775391,-5.233700,0.000000
8979.591797,-5.233700,0.000000
7020.408203,-4.534043,0.000000
7061.224609,-4.534043,0.000000
7102.041016,-4.534043,0.000000
7142.857422,-4.534043,0.000000
7183.673340,-4.534043,0.000000
7224.489746,-4.534043,0.000000
7265.306152,-4.534043,0.000000
7306.122559,-4.534043,0.000000
7346.938965,-4.534043,0.000000
7387.754883,-4.534043,0.000000
7428.571289,-4.534043,0.000000
7469.387695,-4.534043,0.000000
7510.204102,-4.534043,0.000000
7551.020508,-4.534043,0.000000
7591.836914,-4.534043,0.000000
7632.653320,-4.534043,0.000000
7673.469238,-4.534043,0.000000
7714.285645,-4.534043,0.000000
7755.102051,-4.534043,0.000000
7795.918457,-4.534043,0.000000
7836.734863,-4.534043,0.000000
7877.550781,-4.534043,0.000000
7918.367188,-4.534043,0.000000
7959.183594,-4.534043,0.000000
8000.000000,-4.534043,0.000000
8040.816406,-4.534043,0.000000
8081.632812,-4.534043,0.000000
8122.449219,-4.534043,0.000000
8163.265137,-4.534043,0.000000
8204.082031,-4.534043,0.000000
8244.898438,-4.534043,0.000000
8285.713867,-4.534043,0.000000
8326.530273,-4.534043,0.000000
8367.346680,-4.534043,0.000000
8408.163086,-4.534043,0.000000
8448.979492,-4.534043,0.000000
8489.795898,-4.534043,0.000000
8530.612305,-4.534043,0.000000
8571.428711,-4.534043,0.000000
8612.245117,-4.534043,0.000000
8653.061523,-4.534043,0.000000
8693.877930,-4.534043,0.000000
8734.693359,-4.534043,0.000000
8775.509766,-4.534043,0.000000
8816.326172,-4.534043,0.000000
8857.142578,-4.534043,0.000000
8897.958984,-4.534043,0.000000
8938.775391,-4.534043,0.000000
8979.591797,-4.534043,0.000000
7020.408203,-3.834387,0.000000
7061.224609,-3.834387,0.000000
7102.041016,-3.834387,0.000000
7142.857422,-3.834387,0.000000
7183.673340,-3.834387,0.000000
7224.489746,-3.834387,0.000000
7265.306152,-3.834387,0.000000
7306.122559,-3.834387,0.000000
7346.938965,-3.834387,0.000000
7387.754883,-3.834387,0.000000
7428.571289,-3.834387,0.000000
7469.387695,-3.834387,0.000000
7510.204102,-3.834387,0.000000
7551.020508,-3.834387,0.000000
7591.836914,-3.834387,0.000000
7632.653320,-3.834387,0.000000
7673.469238,-3.834387,0.000000
7714.285645,-3.834387,0.000000
7755.102051,-3.834387,0.000000
7795.918457,-3.834387,0.000000
7836.734863,-3.834387,0.000000
7877.550781,-3.834387,0.000000
7918.367188,-3.834387,0.000000
7959.183594,-3.834387,0.000000
8000.000000,-3.834387,0.000000
8040.816406,-3.834387,0.000000
8081.632812,-3.834387,0.000000
8122.449219,-3.834387,0.000000
8163.265137,-3.834387,0.000000
8204.082031,-3.834387,0.000000
8244.898438,-3.834387,0.000000
8285.713867,-3.834387,0.000000
8326.530273,-3.834387,0.000000
8367.346680,-3.834387,0.000000
8408.163086,-3.834387,0.000000
8448.979492,-3.834387,0.000000
8489.795898,-3.834387,0.000000
8530.612305,-3.834387,0.000000
8571.428711,-3.834387,0.000000
8612.245117,-3.834387,0.000000
8653.061523,-3.834387,0.000000
8693.877930,-3.834387,0.000000
8734.693359,-3.834387,0.000000
8775.509766,-3.834387,0.000000
8816.326172,-3.834387,0.000000
8857.142578,-3.834387,0.000000
8897.958984,-3.834387,0.000000
8938.775391,-3.834387,0.000000
8979.591797,-3.834387,0.000000
7020.408203,-3.134730,0.000000
7061.224609,-3.134730,0.000000
7102.041016,-3.134730,0.000000
7142.857422,-3.134730,0.000000
7183.673340,-3.134730,0.000000
7224.489746,-3.134730,0.000000
7265.306152,-3.134730,0.000000
7306.122559,-3.134730,0.000000
7346.938965,-3.134730,0.000000
7387.754883,-3.134730,0.000000
7428.571289,-3.134730,0.000000
7469.387695,-3.134730,0.000000
7510.204102,-3.134730,0.000000
7551.020508,-3.134730,0.000000
7591.836914,-3.134730,0.000000
7632.653320,-3.134730,0.000000
7673.469238,-3.134730,0.000000
7714.285645,-3.134730,0.000000
7755.102051,-3.134730,0.000000
7795.918457,-3.134730,0.000000
7836.734863,-3.134730,0.000000
7877.550781,-3.134730,0.000000
7918.367188,-3.134730,0.000000
7959.183594,-3.134730,0.000000
8000.000000,-3.134730,0.000000
8040.816406,-3.134730,0.000000
8081.632812,-3.134730,0.000000
8122.449219,-3.134730,0.000000
8163.265137,-3.134730,0.000000
8204.082031,-3.134730,0.000000
8244.898438,-3.134730,0.000000
8285.713867,-3.134730,0.000000
8326.530273,-3.134730,0.000000
8367.346680,-3.134730,0.000000
8408.163086,-3.134730,0.000000
8448.979492,-3.134730,0.000000
8489.795898,-3.134730,0.000000
8530.612305,-3.134730,0.000000
8571.428711,-3.134730,0.000000
8612.245117,-3.134730,0.000000
8653.061523,-3.134730,0.000000
8693.877930,-3.134730,0.000000
8734.693359,-3.134730,0.000000
8775.509766,-3.134730,0.000000
8816.326172,-3.134730,0.000000
8857.142578,-3.134730,0.000000
8897.958984,-3.134730,0.000000
8938.775391,-3.134730,0.000000
8979.591797,-3.134730,0.000000
7020.408203,-2.435073,0.000000
7061.224609,-2.435073,0.000000
7102.041016,-2.435073,0.000000
7142.857422,-2.435073,0.000000
7183.673340,-2.435073,0.000000
7224.489746,-2.435073,0.000000
7265.306152,-2.435073,0.000000
7306.122559,-2.435073,0.000000
7346.938965,-2.435073,0.000000
7387.754883,-2.435073,0.000000
7428.571289,-2.435073,0.000000
7469.387695,-2.435073,0.000000
7510.204102,-2.435073,0.000000
7551.020508,-2.435073,0.000000
7591.836914,-2.435073,0.000000
7632.653320,-2.435073,0.000000
7673.469238,-2.435073,0.000000
7714.285645,-2.435073,0.000000
7755.102051,-2.435073,0.000000
7795.918457,-2.435073,0.000000
7836.734863,-2.435073,0.000000
7877.550781,-2.435073,0.000000
7918.367188,-2.435073,0.000000
7959.183594,-2.435073,0.000000
8000.000000,-2.435073,0.000000
8040.816406,-2.435073,0.000000
8081.632812,-2.435073,0.000000
8122.449219,-2.435073,0.000000
8163.265137,-2.435073,0.000000
8204.082031,-2.435073,0.000000
8244.898438,-2.435073,0.000000
8285.713867,-2.435073,0.000000
8326.530273,-2.435073,0.000000
8367.346680,-2.435073,0.000000
8408.163086,-2.435073,0.000000
8448.979492,-2.435073,0.000000
8489.795898,-2.435073,0.000000
8530.612305,-2.435073,0.000000
8571.428711,-2.435073,0.000000
8612.245117,-2.435073,0.000000
8653.061523,-2.435073,0.000000
8693.877930,-2.435073,0.000000
8734.693359,-2.435073,0.000000
8775.509766,-2.435073,0.000000
8816.326172,-2.435073,0.000000
8857.142578,-2.435073,0.000000
8897.958984,-2.435073,0.000000
8938.775391,-2.435073,0.000000
8979.591797,-2.435073,0.000000
7020.408203,-1.735416,0.000000
7061.224609,-1.735416,0.000000
7102.041016,-1.735416,0.000000
7142.857422,-1.735416,0.000000
7183.673340,-1.735416,0.000000
7224.489746,-1.735416,0.000000
7265.306152,-1.735416,0.000000
7306.122559,-1.735416,0.000000
7346.938965,-1.735416,0.000000
7387.754883,-1.735416,0.000000
7428.571289,-1.735416,0.000000
7469.387695,-1.735416,0.000000
7510.204102,-1.735416,0.000000
7551.020508,-1.735416,0.000000
7591.836914,-1.735416,0.000000
7632.653320,-1.735416,0.000000
7673.469238,-1.735416,0.000000
7714.285645,-1.735416,0.000000
7755.102051,-1.735416,0.000000
7795.918457,-1.735416,0.000000
7836.734863,-1.735416,0.000000
7877.550781,-1.735416,0.000000
7918.367188,-1.735416,0.000000
7959.183594,-1.735416,0.000000
8000.000000,-1.735416,0.000000
8040.816406,-1.735416,0.000000
8081.632812,-1.735416,0.000000
8122.449219,-1.735416,0.000000
8163.265137,-1.735416,0.000000
8204.082031,-1.735416,0.000000
8244.898438,-1.735416,0.000000
8285.713867,-1.735416,0.000000
8326.530273,-1.735416,0.000000
8367.346680,-1.735416,0.000000
8408.163086,-1.735416,0.000000
8448.979492,-1.735416,0.000000
8489.795898,-1.735416,0.000000
8530.612305,-1.735416,0.000000
8571.428711,-1.735416,0.000000
8612.245117,-1.735416,0.000000
8653.061523,-1.735416,0.000000
8693.877930,-1.735416,0.000000
8734.693359,-1.735416,0.000000
8775.509766,-1.735416,0.000000
8816.326172,-1.735416,0.000000
8857.142578,-1.735416,0.000000
8897.958984,-1.735416,0.000000
8938.775391,-1.735416,0.000000
8979.591797,-1.735416,0.000000
7020.408203,-1.035759,0.000000
7061.224609,-1.035759,0.000000
7102.041016,-1.035759,0.000000
7142.857422,-1.035759,0.000000
7183.673340,-1.035759,0.000000
7224.489746,-1.035759,0.000000
7265.306152,-1.035759,0.000001
7306.122559,-1.035759,0.000001
7346.938965,-1.035759,0.000002
7387.754883,-1.035759,0.000003
7428.571289,-1.035759,0.000004
7469.387695,-1.035759,0.000006
7510.204102,-1.035759,0.000008
7551.020508,-1.035759,0.000011
7591.836914,-1.035759,0.000015
7632.653320,-1.035759,0.000019
7673.469238,-1.035759,0.000024
7714.285645,-1.035759,0.000030
7755.102051,-1.035759,0.000035
7795.918457,-1.035759,0.000040
7836.734863,-1.035759,0.000045
7877.550781,-1.035759,0.000050
7918.367188,-1.035759,0.000053
7959.183594,-1.035759,0.000056
8000.000000,-1.035759,0.000056
8040.816406,-1.035759,0.000055
8081.632812,-1.035759,0.000053
8122.449219,-1.035759,0.000050
8163.265137,-1.035759,0.000045
8204.082031,-1.035759,0.000040
8244.898438,-1.035759,0.000036
8285.713867,-1.035759,0.000030
8326.530273,-1.035759,0.000025
8367.346680,-1.035759,0.000019
8408.163086,-1.035759,0.000015
8448.979492,-1.035759,0.000012
8489.795898,-1.035759,0.000008
8530.612305,-1.035759,0.000006
8571.428711,-1.035759,0.000004
8612.245117,-1.035759,0.000003
8653.061523,-1.035759,0.000002
8693.877930,-1.035759,0.000001
8734.693359,-1.035759,0.000001
8775.509766,-1.035759,0.000001
8816.326172,-1.035759,0.000000
8857.142578,-1.035759,0.000000
8897.958984,-1.035759,0.000000
8938.775391,-1.035759,0.000000
8979.591797,-1.035759,0.000000
7020.408203,-0.336102,0.000001
7061.224609,-0.336102,0.000001
7102.041016,-0.336102,0.000002
7142.857422,-0.336102,0.000003
7183.673340,-0.336102,0.000006
7224.489746,-0.336102,0.000009
7265.306152,-0.336102,0.000015
7306.122559,-0.336102,0.000024
7346.938965,-0.336102,0.000037
7387.754883,-0.336102,0.000057
7428.571289,-0.336102,0.000083
7469.387695,-0.336102,0.000118
7510.204102,-0.336102,0.000165
7551.020508,-0.336102,0.000225
7591.836914,-0.336102,0.000296
7632.653320,-0.336102,0.000379
7673.469238,-0.336102,0.000479
7714.285645,-0.336102,0.000582
7755.102051,-0.336102,0.000691
7795.918457,-0.336102,0.000805
7836.734863,-0.336102,0.000901
7877.550781,-0.336102,0.000994
7918.367188,-0.336102,0.001063
7959.183594,-0.336102,0.001104
8000.000000,-0.336102,0.001117
8040.816406,-0.336102,0.001104
8081.632812,-0.336102,0.001063
8122.449219,-0.336102,0.000992
8163.265137,-0.336102,0.000905
8204.082031,-0.336102,0.000804
8244.898438,-0.336102,0.000694
8285.713867,-0.336102,0.000584
8326.530273,-0.336102,0.000480
8367.346680,-0.336102,0.000383
8408.163086,-0.336102,0.000296
8448.979492,-0.336102,0.000225
8489.795898,-0.336102,0.000165
8530.612305,-0.336102,0.000118
8571.428711,-0.336102,0.000082
8612.245117,-0.336102,0.000056
8653.061523,-0.336102,0.000038
8693.877930,-0.336102,0.000024
8734.693359,-0.336102,0.000015
8775.509766,-0.336102,0.000009
8816.326172,-0.336102,0.000006
8857.142578,-0.336102,0.000003
8897.958984,-0.336102,0.000002
8938.775391,-0.336102,0.000001
8979.591797,-0.336102,0.000001
7020.408203,0.363555,0.000000
7061.224609,0.363555,0.000001
7102.041016,0.363555,0.000002
7142.857422,0.363555,0.000003
7183.673340,0.363555,0.000005
7224.489746,0.363555,0.000008
7265.306152,0.363555,0.000015
7306.122559,0.363555,0.000023
7346.938965,0.363555,0.000035
7387.754883,0.363555,0.000054
7428.571289,0.363555,0.000078
7469.387695,0.363555,0.000111
7510.204102,0.363555,0.000155
7551.020508,0.363555,0.000212
7591.836914,0.363555,0.000280
7632.653320,0.363555,0.000360
7673.469238,0.363555,0.000448
7714.285645,0.363555,0.000549
7755.102051,0.363555,0.000656
7795.918457,0.363555,0.000756
7836.734863,0.363555,0.000855
7877.550781,0.363555,0.000936
7918.367188,0.363555,0.001000
7959.183594,0.363555,0.001042
8000.000000,0.363555,0.001057
8040.816406,0.363555,0.001045
8081.632812,0.363555,0.000998
8122.449219,0.363555,0.000939
8163.265137,0.363555,0.000851
8204.082031,0.363555,0.000755
8244.898438,0.363555,0.000655
8285.713867,0.363555,0.000550
8326.530273,0.363555,0.000452
8367.346680,0.363555,0.000360
8408.163086,0.363555,0.000278
8448.979492,0.363555,0.000212
8489.795898,0.363555,0.000156
8530.612305,0.363555,0.000113
8571.428711,0.363555,0.000077
8612.245117,0.363555,0.000053
8653.061523,0.363555,0.000035
8693.877930,0.363555,0.000023
8734.693359,0.363555,0.000014
8775.509766,0.363555,0.000009
8816.326172,0.363555,0.000005
8857.142578,0.363555,0.000003
8897.958984,0.363555,0.000002
8938.775391,0.363555,0.000001
8979.591797,0.363555,0.000001
7020.408203,1.063211,0.000000
7061.224609,1.063211,0.000000
7102.041016,1.063211,0.000000
7142.857422,1.063211,0.000000
7183.673340,1.063211,0.000000
7224.489746,1.063211,0.000000
7265.306152,1.063211,0.000001
7306.122559,1.063211,0.000001
7346.938965,1.063211,0.000002
7387.754883,1.063211,0.000002
7428.571289,1.063211,0.000003
7469.387695,1.063211,0.000005
7510.204102,1.063211,0.000007
7551.020508,1.063211,0.000009
7591.836914,1.063211,0.000012
7632.653320,1.063211,0.000016
7673.469238,1.063211,0.000019
7714.285645,1.063211,0.000025
7755.102051,1.063211,0.000029
7795.918457,1.063211,0.000033
7836.734863,1.063211,0.000038
7877.550781,1.063211,0.000041
7918.367188,1.063211,0.000044
7959.183594,1.063211,0.000046
8000.000000,1.063211,0.000047
8040.816406,1.063211,0.000046
8081.632812,1.063211,0.000044
8122.449219,1.063211,0.000041
8163.265137,1.063211,0.000038
8204.082031,1.063211,0.000033
8244.898438,1.063211,0.000029
8285.713867,1.063211,0.000024
8326.530273,1.063211,0.000020
8367.346680,1.063211,0.000016
8408.163086,1.063211,0.000013
8448.979492,1.063211,0.000009
8489.795898,1.063211,0.000007
8530.612305,1.063211,0.000005
8571.428711,1.063211,0.000003
8612.245117,1.063211,0.000002
8653.061523,1.063211,0.000001
8693.877930,1.063211,0.000001
8734.693359,1.063211,0.000001
8775.509766,1.063211,0.000000
8816.326172,1.063211,0.000000
8857.142578,1.063211,0.000000
8897.958984,1.063211,0.000000
8938.775391,1.063211,0.000000
8979.591797,1.063211,0.000000
7020.408203,1.762868,0.000000
7061.224609,1.762868,0.000000
7102.041016,1.762868,0.000000
7142.857422,1.762868,0.000000
7183.673340,1.762868,0.000000
7224.489746,1.762868,0.000000
7265.306152,1.762868,0.000000
7306.122559,1.762868,0.000000
7346.938965,1.762868,0.000000
7387.754883,1.762868,0.000000
7428.571289,1.762868,0.000000
7469.387695,1.762868,0.000000
7510.204102,1.762868,0.000000
7551.020508,1.762868,0.000000
7591.836914,1.762868,0.000000
7632.653320,1.762868,0.000000
7673.469238,1.762868,0.000000
7714.285645,1.762868,0.000000
7755.102051,1.762868,0.000000
7795.918457,1.762868,0.000000
7836.734863,1.762868,0.000000
7877.550781,1.762868,0.000000
7918.367188,1.762868,0.000000
7959.183594,1.762868,0.000000
8000.000000,1.762868,0.000000
8040.816406,1.762868,0.000000
8081.632812,1.762868,0.000000
8122.449219,1.762868,0.000000
8163.265137,1.762868,0.000000
8204.082031,1.762868,0.000000
8244.898438,1.762868,0.000000
8285.713867,1.762868,0.000000
8326.530273,1.762868,0.000000
8367.346680,1.762868,0.000000
8408.163086,1.762868,0.000000
8448.979492,1.762868,0.000000
8489.795898,1.762868,0.000000
8530.612305,1.762868,0.000000
8571.428711,1.762868,0.000000
8612.245117,1.762868,0.000000
8653.061523,1.762868,0.000000
8693.877930,1.762868,0.000000
8734.693359,1.762868,0.000000
8775.509766,1.762868,0.000000
8816.326172,1.762868,0.000000
8857.142578,1.762868,0.000000
8897.958984,1.762868,0.000000
8938.775391,1.762868,0.000000
8979.591797,1.762868,0.000000
7020.408203,2.462525,0.000000
7061.224609,2.462525,0.000000
7102.041016,2.462525,0.000000
7142.857422,2.462525,0.000000
7183.673340,2.462525,0.000000
7224.489746,2.462525,0.000000
7265.306152,2.462525,0.000000
7306.122559,2.462525,0.000000
7346.938965,2.462525,0.000000
7387.754883,2.462525,0.000000
7428.571289,2.462525,0.000000
7469.387695,2.462525,0.000000
7510.204102,2.462525,0.000000
7551.020508,2.462525,0.000000
7591.836914,2.462525,0.000000
7632.653320,2.462525,0.000000
7673.469238,2.462525,0.000000
7714.285645,2.462525,0.000000
7755.102051,2.462525,0.000000
7795.918457,2.462525,0.000000
7836.734863,2.462525,0.000000
7877.550781,2.462525,0.000000
7918.367188,2.462525,0.000000
7959.183594,2.462525,0.000000
8000.000000,2.462525,0.000000
8040.816406,2.462525,0.000000
8081.632812,2.462525,0.000000
8122.449219,2.462525,0.000000
8163.265137,2.462525,0.000000
8204.082031,2.462525,0.000000
8244.898438,2.462525,0.000000
8285.713867,2.462525,0.000000
8326.530273,2.462525,0.000000
8367.346680,2.462525,0.000000
8408.163086,2.462525,0.000000
8448.979492,2.462525,0.000000
8489.795898,2.462525,0.000000
8530.612305,2.462525,0.000000
8571.428711,2.462525,0.000000
8612.245117,2.462525,0.000000
8653.061523,2.462525,0.000000
8693.877930,2.462525,0.000000
8734.693359,2.462525,0.000000
8775.509766,2.462525,0.000000
8816.326172,2.462525,0.000000
8857.142578,2.462525,0.000000
8897.958984,2.462525,0.000000
8938.775391,2.462525,0.000000
8979.591797,2.462525,0.000000
7020.408203,3.162182,0.000000
7061.224609,3.162182,0.000000
7102.041016,3.162182,0.000000
7142.857422,3.162182,0.000000
7183.673340,3.162182,0.000000
7224.489746,3.162182,0.000000
7265.306152,3.162182,0.000000
7306.122559,3.162182,0.000000
7346.938965,3.162182,0.000000
7387.754883,3.162182,0.000000
7428.571289,3.162182,0.000000
7469.387695,3.162182,0.000000
7510.204102,3.162182,0.000000
7551.020508,3.162182,0.000000
7591.836914,3.162182,0.000000
7632.653320,3.162182,0.000000
7673.469238,3.162182,0.000000
7714.285645,3.162182,0.000000
7755.102051,3.162182,0.000000
7795.918457,3.162182,0.000000
7836.734863,3.162182,0.000000
7877.550781,3.162182,0.000000
7918.367188,3.162182,0.000000
7959.183594,3.162182,0.000000
8000.000000,3.162182,0.000000
8040.816406,3.162182,0.000000
8081.632812,3.162182,0.000000
8122.449219,3.162182,0.000000
8163.265137,3.162182,0.000000
8204.082031,3.162182,0.000000
8244.898438,3.162182,0.000000
8285.713867,3.162182,0.000000
8326.530273,3.162182,0.000000
8367.346680,3.162182,0.000000
8408.163086,3.162182,0.000000
8448.979492,3.162182,0.000000
8489.795898,3.162182,0.000000
8530.612305,3.162182,0.000000
8571.428711,3.162182,0.000000
8612.245117,3.162182,0.000000
8653.061523,3.162182,0.000000
8693.877930,3.162182,0.000000
8734.693359,3.162182,0.000000
8775.509766,3.162182,0.000000
8816.326172,3.162182,0.000000
8857.142578,3.162182,0.000000
8897.958984,3.162182,0.000000
8938.775391,3.162182,0.000000
8979.591797,3.162182,0.000000
7020.408203,3.861839,0.000000
7061.224609,3.861839,0.000000
7102.041016,3.861839,0.000000
7142.857422,3.861839,0.000000
7183.673340,3.861839,0.000000
7224.489746,3.861839,0.000000
7265.306152,3.861839,0.000000
7306.122559,3.861839,0.000000
7346.938965,3.861839,0.000000
7387.754883,3.861839,0.000000
7428.571289,3.861839,0.000000
7469.387695,3.861839,0.000000
7510.204102,3.861839,0.000000
7551.020508,3.861839,0.000000
7591.836914,3.861839,0.000000
7632.653320,3.861839,0.000000
7673.469238,3.861839,0.000000
7714.285645,3.861839,0.000000
7755.102051,3.861839,0.000000
7795.918457,3.861839,0.000000
7836.734863,3.861839,0.000000
7877.550781,3.861839,0.000000
7918.367188,3.861839,0.000000
7959.183594,3.861839,0.000000
8000.000000,3.861839,0.000000
8040.816406,3.861839,0.000000
8081.632812,3.861839,0.000000
8122.449219,3.861839,0.000000
8163.265137,3.861839,0.000000
8204.082031,3.861839,0.000000
8244.898438,3.861839,0.000000
8285.713867,3.861839,0.000000
8326.530273,3.861839,0.000000
8367.346680,3.861839,0.000000
8408.163086,3.861839,0.000000
8448.979492,3.861839,0.000000
8489.795898,3.861839,0.000000
8530.612305,3.861839,0.000000
8571.428711,3.861839,0.000000
8612.245117,3.861839,0.000000
8653.061523,3.861839,0.000000
8693.877930,3.861839,0.000000
8734.693359,3.861839,0.000000
8775.509766,3.861839,0.000000
8816.326172,3.861839,0.000000
8857.142578,3.861839,0.000000
8897.958984,3.861839,0.000000
8938.775391,3.861839,0.000000
8979.591797,3.861839,0.000000
7020.408203,4.561496,0.000000
7061.224609,4.561496,0.000000
7102.041016,4.561496,0.000000
7142.857422,4.561496,0.000000
7183.673340,4.561496,0.000000
7224.489746,4.561496,0.000000
7265.306152,4.561496,0.000000
7306.122559,4.561496,0.000000
7346.938965,4.561496,0.000000
7387.754883,4.561496,0.000000
7428.571289,4.561496,0.000000
7469.387695,4.561496,0.000000
7510.204102,4.561496,0.000000
7551.020508,4.561496,0.000000
7591.836914,4.561496,0.000000
7632.653320,4.561496,0.000000
7673.469238,4.561496,0.000000
7714.285645,4.561496,0.000000
7755.102051,4.561496,0.000000
7795.918457,4.561496,0.000000
7836.734863,4.561496,0.000000
7877.550781,4.561496,0.000000
7918.367188,4.561496,0.000000
7959.183594,4.561496,0.000000
8000.000000,4.561496,0.000000
8040.816406,4.561496,0.000000
8081.632812,4.561496,0.000000
8122.449219,4.561496,0.000000
8163.265137,4.561496,0.000000
8204.082031,4.561496,0.000000
8244.898438,4.561496,0.000000
8285.713867,4.561496,0.000000
8326.530273,4.561496,0.000000
8367.346680,4.561496,0.000000
8408.163086,4.561496,0.000000
8448.979492,4.561496,0.000000
8489.795898,4.561496,0.000000
8530.612305,4.561496,0.000000
8571.428711,4.561496,0.000000
8612.245117,4.561496,0.000000
8653.061523,4.561496,0.000000
8693.877930,4.561496,0.000000
8734.693359,4.561496,0.000000
8775.509766,4.561496,0.000000
8816.326172,4.561496,0.000000
8857.142578,4.561496,0.000000
8897.958984,4.561496,0.000000
8938.775391,4.561496,0.000000
8979.591797,4.561496,0.000000
7020.408203,5.261152,0.000000
7061.224609,5.261152,0.000000
7102.041016,5.261152,0.000000
7142.857422,5.261152,0.000000
7183.673340,5.261152,0.000000
7224.489746,5.261152,0.000000
7265.306152,5.261152,0.000000
7306.122559,5.261152,0.000000
7346.938965,5.261152,0.000000
7387.754883,5.261152,0.000000
7428.571289,5.261152,0.000000
7469.387695,5.261152,0.000000
7510.204102,5.261152,0.000000
7551.020508,5.261152,0.000000
7591.836914,5.261152,0.000000
7632.653320,5.261152,0.000000
7673.469238,5.261152,0.000000
7714.285645,5.261152,0.000000
7755.102051,5.261152,0.000000
7795.918457,5.261152,0.000000
7836.734863,5.261152,0.000000
7877.550781,5.261152,0.000000
7918.367188,5.261152,0.000000
7959.183594,5.261152,0.000000
8000.000000,5.261152,0.000000
8040.816406,5.261152,0.000000
8081.632812,5.261152,0.000000
8122.449219,5.261152,0.000000
8163.265137,5.261152,0.000000
8204.082031,5.261152,0.000000
8244.898438,5.261152,0.000000
8285.713867,5.261152,0.000000
8326.530273,5.261152,0.000000
8367.346680,5.261152,0.000000
8408.163086,5.261152,0.000000
8448.979492,5.261152,0.000000
8489.795898,5.261152,0.000000
8530.612305,5.261152,0.000000
8571.428711,5.261152,0.000000
8612.245117,5.261152,0.000000
8653.061523,5.261152,0.000000
8693.877930,5.261152,0.000000
8734.693359,5.261152,0.000000
8775.509766,5.261152,0.000000
8816.326172,5.261152,0.000000
8857.142578,5.261152,0.000000
8897.958984,5.261152,0.000000
8938.775391,5.261152,0.000000
8979.591797,5.261152,0.000000
7020.408203,5.960810,0.000000
7061.224609,5.960810,0.000000
7102.041016,5.960810,0.000000
7142.857422,5.960810,0.000000
7183.673340,5.960810,0.000000
7224.489746,5.960810,0.000000
7265.306152,5.960810,0.000000
7306.122559,5.960810,0.000000
7346.938965,5.960810,0.000000
7387.754883,5.960810,0.000000
7428.571289,5.960810,0.000000
7469.387695,5.960810,0.000000
7510.204102,5.960810,0.000000
7551.020508,5.960810,0.000000
7591.836914,5.960810,0.000000
7632.653320,5.960810,0.000000
7673.469238,5.960810,0.000000
7714.285645,5.960810,0.000000
7755.102051,5.960810,0.000000
7795.918457,5.960810,0.000000
7836.734863,5.960810,0.000000
7877.550781,5.960810,0.000000
7918.367188,5.960810,0.000000
7959.183594,5.960810,0.000000
8000.000000,5.960810,0.000000
8040.816406,5.960810,0.000000
8081.632812,5.960810,0.000000
8122.449219,5.960810,0.000000
8163.265137,5.960810,0.000000
8204.082031,5.960810,0.000000
8244.898438,5.960810,0.000000
8285.713867,5.960810,0.000000
8326.530273,5.960810,0.000000
8367.346680,5.960810,0.000000
8408.163086,5.960810,0.000000
8448.979492,5.960810,0.000000
8489.795898,5.960810,0.000000
8530.612305,5.960810,0.000000
8571.428711,5.960810,0.000000
8612.245117,5.960810,0.000000
8653.061523,5.960810,0.000000
8693.877930,5.960810,0.000000
8734.693359,5.960810,0.000000
8775.509766,5.960810,0.000000
8816.326172,5.960810,0.000000
8857.142578,5.960810,0.000000
8897.958984,5.960810,0.000000
8938.775391,5.960810,0.000000
8979.591797,5.960810,0.000000
7020.408203,6.660466,0.000000
7061.224609,6.660466,0.000000
7102.041016,6.660466,0.000000
7142.857422,6.660466,0.000000
7183.673340,6.660466,0.000000
7224.489746,6.660466,0.000000
7265.306152,6.660466,0.000000
7306.122559,6.660466,0.000000
7346.938965,6.660466,0.000000
7387.754883,6.660466,0.000000
7428.571289,6.660466,0.000000
7469.387695,6.660466,0.000000
7510.204102,6.660466,0.000000
7551.020508,6.660466,0.000000
7591.836914,6.660466,0.000000
7632.653320,6.660466,0.000000
7673.469238,6.660466,0.000000
7714.285645,6.660466,0.000000
7755.102051,6.660466,0.000000
7795.918457,6.660466,0.000000
7836.734863,6.660466,0.000000
7877.550781,6.660466,0.000000
7918.367188,6.660466,0.000000
7959.183594,6.660466,0.000000
8000.000000,6.660466,0.000000
8040.816406,6.660466,0.000000
8081.632812,6.660466,0.000000
8122.449219,6.660466,0.000000
8163.265137,6.660466,0.000000
8204.082031,6.660466,0.000000
8244.898438,6.660466,0.000000
8285.713867,6.660466,0.000000
8326.530273,6.660466,0.000000
8367.346680,6.660466,0.000000
8408.163086,6.660466,0.000000
8448.979492,6.660466,0.000000
8489.795898,6.660466,0.000000
8530.612305,6.660466,0.000000
8571.428711,6.660466,0.000000
8612.245117,6.660466,0.000000
8653.061523,6.660466,0.000000
8693.877930,6.660466,0.000000
8734.693359,6.660466,0.000000
8775.509766,6.660466,0.000000
8816.326172,6.660466,0.000000
8857.142578,6.660466,0.000000
8897.958984,6.660466,0.000000
8938.775391,6.660466,0.000000
8979.591797,6.660466,0.000000
7020.408203,7.360123,0.000000
7061.224609,7.360123,0.000000
7102.041016,7.360123,0.000000
7142.857422,7.360123,0.000000
7183.673340,7.360123,0.000000
7224.489746,7.360123,0.000000
7265.306152,7.360123,0.000000
7306.122559,7.360123,0.000000
7346.938965,7.360123,0.000000
7387.754883,7.360123,0.000000
7428.571289,7.360123,0.000000
7469.387695,7.360123,0.000000
7510.204102,7.360123,0.000000
7551.020508,7.360123,0.000000
7591.836914,7.360123,0.000000
7632.653320,7.360123,0.000000
7673.469238,7.360123,0.000000
7714.285645,7.360123,0.000000
7755.102051,7.360123,0.000000
7795.918457,7.360123,0.000000
7836.734863,7.360123,0.000000
7877.550781,7.360123,0.000000
7918.367188,7.360123,0.000000
7959.183594,7.360123,0.000000
8000.000000,7.360123,0.000000
8040.816406,7.360123,0.000000
8081.632812,7.360123,0.000000
8122.449219,7.360123,0.000000
8163.265137,7.360123,0.000000
8204.082031,7.360123,0.000000
8244.898438,7.360123,0.000000
8285.713867,7.360123,0.000000
8326.530273,7.360123,0.000000
8367.346680,7.360123,0.000000
8408.163086,7.360123,0.000000
8448.979492,7.360123,0.000000
8489.795898,7.360123,0.000000
8530.612305,7.360123,0.000000
8571.428711,7.360123,0.000000
8612.245117,7.360123,0.000000
8653.061523,7.360123,0.000000
8693.877930,7.360123,0.000000
8734.693359,7.360123,0.000000
8775.509766,7.360123,0.000000
8816.326172,7.360123,0.000000
8857.142578,7.360123,0.000000
8897.958984,7.360123,0.000000
8938.775391,7.360123,0.000000
8979.591797,7.360123,0.000000
7020.408203,8.059780,0.000000
7061.224609,8.059780,0.000000
7102.041016,8.059780,0.000000
7142.857422,8.059780,0.000000
7183.673340,8.059780,0.000000
7224.489746,8.059780,0.000000
7265.306152,8.059780,0.000000
7306.122559,8.059780,0.000000
7346.938965,8.059780,0.000000
7387.754883,8.059780,0.000000
7428.571289,8.059780,0.000000
7469.387695,8.059780,0.000000
7510.204102,8.059780,0.000000
7551.020508,8.059780,0.000000
7591.836914,8.059780,0.000000
7632.653320,8.059780,0.000000
7673.469238,8.059780,0.000000
7714.285645,8.059780,0.000000
7755.102051,8.059780,0.000000
7795.918457,8.059780,0.000000
7836.734863,8.059780,0.000000
7877.550781,8.059780,0.000000
7918.367188,8.059780,0.000000
7959.183594,8.059780,0.000000
8000.000000,8.059780,0.000000
8040.816406,8.059780,0.000000
8081.632812,8.059780,0.000000
8122.449219,8.059780,0.000000
8163.265137,8.059780,0.000000
8204.082031,8.059780,0.000000
8244.898438,8.059780,0.000000
8285.713867,8.059780,0.000000
8326.530273,8.059780,0.000000
8367.346680,8.059780,0.000000
8408.163086,8.059780,0.000000
8448.979492,8.059780,0.000000
8489.795898,8.059780,0.000000
8530.612305,8.059780,0.000000
8571.428711,8.059780,0.000000
8612.245117,8.059780,0.000000
8653.061523,8.059780,0.000000
8693.877930,8.059780,0.000000
8734.693359,8.059780,0.000000
8775.509766,8.059780,0.000000
8816.326172,8.059780,0.000000
8857.142578,8.059780,0.000000
8897.958984,8.059780,0.000000
8938.775391,8.059780,0.000000
8979.591797,8.059780,0.000000
7020.408203,8.759437,0.000000
7061.224609,8.759437,0.000000
7102.041016,8.759437,0.000000
7142.857422,8.759437,0.000000
7183.673340,8.759437,0.000000
7224.489746,8.759437,0.000000
7265.306152,8.759437,0.000000
7306.122559,8.759437,0.000000
7346.938965,8.759437,0.000000
7387.754883,8.759437,0.000000
7428.571289,8.759437,0.000000
7469.387695,8.759437,0.000000
7510.204102,8.759437,0.000000
7551.020508,8.759437,0.000000
7591.836914,8.759437,0.000000
7632.653320,8.759437,0.000000
7673.469238,8.759437,0.000000
7714.285645,8.759437,0.000000
7755.102051,8.759437,0.000000
7795.918457,8.759437,0.000000
7836.734863,8.759437,0.000000
7877.550781,8.759437,0.000000
7918.367188,8.759437,0.000000
7959.183594,8.759437,0.000000
8000.000000,8.759437,0.000000
8040.816406,8.759437,0.000000
8081.632812,8.759437,0.000000
8122.449219,8.759437,0.000000
8163.265137,8.759437,0.000000
8204.082031,8.759437,0.000000
8244.898438,8.759437,0.000000
8285.713867,8.759437,0.000000
8326.530273,8.759437,0.000000
8367.346680,8.759437,0.000000
8408.163086,8.759437,0.000000
8448.979492,8.759437,0.000000
8489.795898,8.759437,0.000000
8530.612305,8.759437,0.000000
8571.428711,8.759437,0.000000
8612.245117,8.759437,0.000000
8653.061523,8.759437,0.000000
8693.877930,8.759437,0.000000
8734.693359,8.759437,0.000000
8775.509766,8.759437,0.000000
8816.326172,8.759437,0.000000
8857.142578,8.759437,0.000000
8897.958984,8.759437,0.000000
8938.775391,8.759437,0.000000
8979.591797,8.759437,0.000000
7020.408203,9.459093,0.000000
7061.224609,9.459093,0.000000
7102.041016,9.459093,0.000000
7142.857422,9.459093,0.000000
7183.673340,9.459093,0.000000
7224.489746,9.459093,0.000000
7265.306152,9.459093,0.000000
7306.122559,9.459093,0.000000
7346.938965,9.459093,0.000000
7387.754883,9.459093,0.000000
7428.571289,9.459093,0.000000
7469.387695,9.459093,0.000000
7510.204102,9.459093,0.000000
7551.020508,9.459093,0.000000
7591.836914,9.459093,0.000000
7632.653320,9.459093,0.000000
7673.469238,9.459093,0.000000
7714.285645,9.459093,0.000000
7755.102051,9.459093,0.000000
7795.918457,9.459093,0.000000
7836.734863,9.459093,0.000000
7877.550781,9.459093,0.000000
7918.367188,9.459093,0.000000
7959.183594,9.459093,0.000000
8000.000000,9.459093,0.000000
8040.816406,9.459093,0.000000
8081.632812,9.459093,0.000000
8122.449219,9.459093,0.000000
8163.265137,9.459093,0.000000
8204.082031,9.459093,0.000000
8244.898438,9.459093,0.000000
8285.713867,9.459093,0.000000
8326.530273,9.459093,0.000000
8367.346680,9.459093,0.000000
8408.163086,9.459093,0.000000
8448.979492,9.459093,0.000000
8489.795898,9.459093,0.000000
8530.612305,9.459093,0.000000
8571.428711,9.459093,0.000000
8612.245117,9.459093,0.000000
8653.061523,9.459093,0.000000
8693.877930,9.459093,0.000000
8734.693359,9.459093,0.000000
8775.509766,9.459093,0.000000
8816.326172,9.459093,0.000000
8857.142578,9.459093,0.000000
8897.958984,9.459093,0.000000
8938.775391,9.459093,0.000000
8979.591797,9.459093,0.000000
7020.408203,10.158751,0.000000
7061.224609,10.158751,0.000000
7102.041016,10.158751,0.000000
7142.857422,10.158751,0.000000
7183.673340,10.158751,0.000000
7224.489746,10.158751,0.000000
7265.306152,10.158751,0.000000
7306.122559,10.158751,0.000000
7346.938965,10.158751,0.000000
7387.754883,10.158751,0.000000
7428.571289,10.158751,0.000000
7469.387695,10.158751,0.000000
7510.204102,10.158751,0.000000
7551.020508,10.158751,0.000000
7591.836914,10.158751,0.000000
7632.653320,10.158751,0.000000
7673.469238,10.158751,0.000000
7714.285645,10.158751,0.000000
7755.102051,10.158751,0.000000
7795.918457,10.158751,0.000000
7836.734863,10.158751,0.000000
7877.550781,10.158751,0.000000
7918.367188,10.158751,0.000000
7959.183594,10.158751,0.000000
8000.000000,10.158751,0.000000
8040.816406,10.158751,0.000000
8081.632812,10.158751,0.000000
8122.449219,10.158751,0.000000
8163.265137,10.158751,0.000000
8204.082031,10.158751,0.000000
8244.898438,10.158751,0.000000
8285.713867,10.158751,0.000000
8326.530273,10.158751,0.000000
8367.346680,10.158751,0.000000
8408.163086,10.158751,0.000000
8448.979492,10.158751,0.000000
8489.795898,10.158751,0.000000
8530.612305,10.158751,0.000000
8571.428711,10.158751,0.000000
8612.245117,10.158751,0.000000
8653.061523,10.158751,0.000000
8693.877930,10.158751,0.000000
8734.693359,10.158751,0.000000
8775.509766,10.158751,0.000000
8816.326172,10.158751,0.000000
8857.142578,10.158751,0.000000
8897.958984,10.158751,0.000000
8938.775391,10.158751,0.000000
8979.591797,10.158751,0.000000
7020.408203,10.858408,0.000000
7061.224609,10.858408,0.000000
7102.041016,10.858408,0.000000
7142.857422,10.858408,0.000000
7183.673340,10.858408,0.000000
7224.489746,10.858408,0.000000
7265.306152,10.858408,0.000000
7306.122559,10.858408,0.000000
7346.938965,10.858408,0.000000
7387.754883,10.858408,0.000000
7428.571289,10.858408,0.000000
7469.387695,10.858408,0.000000
7510.204102,10.858408,0.000000
7551.020508,10.858408,0.000000
7591.836914,10.858408,0.000000
7632.653320,10.858408,0.000000
7673.469238,10.858408,0.000000
7714.285645,10.858408,0.000000
7755.102051,10.858408,0.000000
7795.918457,10.858408,0.000000
7836.734863,10.858408,0.000000
7877.550781,10.858408,0.000000
7918.367188,10.858408,0.000000
7959.183594,10.858408,0.000000
8000.000000,10.858408,0.000000
8040.816406,10.858408,0.000000
8081.632812,10.858408,0.000000
8122.449219,10.858408,0.000000
8163.265137,10.858408,0.000000
8204.082031,10.858408,0.000000
8244.898438,10.858408,0.000000
8285.713867,10.858408,0.000000
8326.530273,10.858408,0.000000
8367.346680,10.858408,0.000000
8408.163086,10.858408,0.000000
8448.979492,10.858408,0.000000
8489.795898,10.858408,0.000000
8530.612305,10.858408,0.000000
8571.428711,10.858408,0.000000
8612.245117,10.858408,0.000000
8653.061523,10.858408,0.000000
8693.877930,10.858408,0.000000
8734.693359,10.858408,0.000000
8775.509766,10.858408,0.000000
8816.326172,10.858408,0.000000
8857.142578,10.858408,0.000000
8897.958984,10.858408,0.000000
8938.775391,10.858408,0.000000
8979.591797,10.858408,0.000000
7020.408203,11.558064,0.000000
7061.224609,11.558064,0.000000
7102.041016,11.558064,0.000000
7142.857422,11.558064,0.000000
7183.673340,11.558064,0.000000
7224.489746,11.558064,0.000000
7265.306152,11.558064,0.000000
7306.122559,11.558064,0.000000
7346.938965,11.558064,0.000000
7387.754883,11.558064,0.000000
7428.571289,11.558064,0.000000
7469.387695,11.558064,0.000000
7510.204102,11.558064,0.000000
7551.020508,11.558064,0.000000
7591.836914,11.558064,0.000000
7632.653320,11.558064,0.000000
7673.469238,11.558064,0.000000
7714.285645,11.558064,0.000000
7755.102051,11.558064,0.000000
7795.918457,11.558064,0.000000
7836.734863,11.558064,0.000000
7877.550781,11.558064,0.000000
7918.367188,11.558064,0.000000
7959.183594,11.558064,0.000000
8000.000000,11.558064,0.000000
8040.816406,11.558064,0.000000
8081.632812,11.558064,0.000000
8122.449219,11.558064,0.000000
8163.265137,11.558064,0.000000
8204.082031,11.558064,0.000000
8244.898438,11.558064,0.000000
8285.713867,11.558064,0.000000
8326.530273,11.558064,0.000000
8367.346680,11.558064,0.000000
8408.163086,11.558064,0.000000
8448.979492,11.558064,0.000000
8489.795898,11.558064,0.000000
8530.612305,11.558064,0.000000
8571.428711,11.558064,0.000000
8612.245117,11.558064,0.000000
8653.061523,11.558064,0.000000
8693.877930,11.558064,0.000000
8734.693359,11.558064,0.000000
8775.509766,11.558064,0.000000
8816.326172,11.558064,0.000000
8857.142578,11.558064,0.000000
8897.958984,11.558064,0.000000
8938.775391,11.558064,0.000000
8979.591797,11.558064,0.000000
7020.408203,12.257721,0.000000
7061.224609,12.257721,0.000000
7102.041016,12.257721,0.000000
7142.857422,12.257721,0.000000
7183.673340,12.257721,0.000000
7224.489746,12.257721,0.000000
7265.306152,12.257721,0.000000
7306.122559,12.257721,0.000000
7346.938965,12.257721,0.000000
7387.754883,12.257721,0.000000
7428.571289,12.257721,0.000000
7469.387695,12.257721,0.000000
7510.204102,12.257721,0.000000
7551.020508,12.257721,0.000000
7591.836914,12.257721,0.000000
7632.653320,12.257721,0.000000
7673.469238,12.257721,0.000000
7714.285645,12.257721,0.000000
7755.102051,12.257721,0.000000
7795.918457,12.257721,0.000000
7836.734863,12.257721,0.000000
7877.550781,12.257721,0.000000
7918.367188,12.257721,0.000000
7959.183594,12.257721,0.000000
8000.000000,12.257721,0.000000
8040.816406,12.257721,0.000000
8081.632812,12.257721,0.000000
8122.449219,12.257721,0.000000
8163.265137,12.257721,0.000000
8204.082031,12.257721,0.000000
8244.898438,12.257721,0.000000
8285.713867,12.257721,0.000000
8326.530273,12.257721,0.000000
8367.346680,12.257721,0.000000
8408.163086,12.257721,0.000000
8448.979492,12.257721,0.000000
8489.795898,12.257721,0.000000
8530.612305,12.257721,0.000000
8571.428711,12.257721,0.000000
8612.245117,12.257721,0.000000
8653.061523,12.257721,0.000000
8693.877930,12.257721,0.000000
8734.693359,12.257721,0.000000
8775.509766,12.257721,0.000000
8816.326172,12.257721,0.000000
8857.142578,12.257721,0.000000
8897.958984,12.257721,0.000000
8938.775391,12.257721,0.000000
8979.591797,12.257721,0.000000
7020.408203,12.957378,0.000000
7061.224609,12.957378,0.000000
7102.041016,12.957378,0.000000
7142.857422,12.957378,0.000000
7183.673340,12.957378,0.000000
7224.489746,12.957378,0.000000
7265.306152,12.957378,0.000000
7306.122559,12.957378,0.000000
7346.938965,12.957378,0.000000
7387.754883,12.957378,0.000000
7428.571289,12.957378,0.000000
7469.387695,12.957378,0.000000
7510.204102,12.957378,0.000000
7551.020508,12.957378,0.000000
7591.836914,12.957378,0.000000
7632.653320,12.957378,0.000000
7673.469238,12.957378,0.000000
7714.285645,12.957378,0.000000
7755.102051,12.957378,0.000000
7795.918457,12.957378,0.000000
7836.734863,12.957378,0.000000
7877.550781,12.957378,0.000000
7918.367188,12.957378,0.000000
7959.183594,12.957378,0.000000
8000.000000,12.957378,0.000000
8040.816406,12.957378,0.000000
8081.632812,12.957378,0.000000
8122.449219,12.957378,0.000000
8163.265137,12.957378,0.000000
8204.082031,12.957378,0.000000
8244.898438,12.957378,0.000000
8285.713867,12.957378,0.000000
8326.530273,12.957378,0.000000
8367.346680,12.957378,0.000000
8408.163086,12.957378,0.000000
8448.979492,12.957378,0.000000
8489.795898,12.957378,0.000000
8530.612305,12.957378,0.000000
8571.428711,12.957378,0.000000
8612.245117,12.957378,0.000000
8653.061523,12.957378,0.000000
8693.877930,12.957378,0.000000
8734.693359,12.957378,0.000000
8775.509766,12.957378,0.000000
8816.326172,12.957378,0.000000
8857.142578,12.957378,0.000000
8897.958984,12.957378,0.000000
8938.775391,12.957378,0.000000
8979.591797,12.957378,0.000000
7020.408203,13.657034,0.000000
7061.224609,13.657034,0.000000
7102.041016,13.657034,0.000000
7142.857422,13.657034,0.000000
7183.673340,13.657034,0.000000
7224.489746,13.657034,0.000000
7265.306152,13.657034,0.000000
7306.122559,13.657034,0.000000
7346.938965,13.657034,0.000000
7387.754883,13.657034,0.000000
7428.571289,13.657034,0.000000
7469.387695,13.657034,0.000000
7510.204102,13.657034,0.000000
7551.020508,13.657034,0.000000
7591.836914,13.657034,0.000000
7632.653320,13.657034,0.000000
7673.469238,13.657034,0.000000
7714.285645,13.657034,0.000000
7755.102051,13.657034,0.000000
7795.918457,13.657034,0.000000
7836.734863,13.657034,0.000000
7877.550781,13.657034,0.000000
7918.367188,13.657034,0.000000
7959.183594,13.657034,0.000000
8000.000000,13.657034,0.000000
8040.816406,13.657034,0.000000
8081.632812,13.657034,0.000000
8122.449219,13.657034,0.000000
8163.265137,13.657034,0.000000
8204.082031,13.657034,0.000000
8244.898438,13.657034,0.000000
8285.713867,13.657034,0.000000
8326.530273,13.657034,0.000000
8367.346680,13.657034,0.000000
8408.163086,13.657034,0.000000
8448.979492,13.657034,0.000000
8489.795898,13.657034,0.000000
8530.612305,13.657034,0.000000
8571.428711,13.657034,0.000000
8612.245117,13.657034,0.000000
8653.061523,13.657034,0.000000
8693.877930,13.657034,0.000000
8734.693359,13.657034,0.000000
8775.509766,13.657034,0.000000
8816.326172,13.657034,0.000000
8857.142578,13.657034,0.000000
8897.958984,13.657034,0.000000
8938.775391,13.657034,0.000000
8979.591797,13.657034,0.000000
7020.408203,14.356691,0.000000
7061.224609,14.356691,0.000000
7102.041016,14.356691,0.000000
7142.857422,14.356691,0.000000
7183.673340,14.356691,0.000000
7224.489746,14.356691,0.000000
7265.306152,14.356691,0.000000
7306.122559,14.356691,0.000000
7346.938965,14.356691,0.000000
7387.754883,14.356691,0.000000
7428.571289,14.356691,0.000000
7469.387695,14.356691,0.000000
7510.204102,14.356691,0.000000
7551.020508,14.356691,0.000000
7591.836914,14.356691,0.000000
7632.653320,14.356691,0.000000
7673.469238,14.356691,0.000000
7714.285645,14.356691,0.000000
7755.102051,14.356691,0.000000
7795.918457,14.356691,0.000000
7836.734863,14.356691,0.000000
7877.550781,14.356691,0.000000
7918.367188,14.356691,0.000000
7959.183594,14.356691,0.000000
8000.000000,14.356691,0.000000
8040.816406,14.356691,0.000000
8081.632812,14.356691,0.000000
8122.449219,14.356691,0.000000
8163.265137,14.356691,0.000000
8204.082031,14.356691,0.000000
8244.898438,14.356691,0.000000
8285.713867,14.356691,0.000000
8326.530273,14.356691,0.000000
8367.346680,14.356691,0.000000
8408.163086,14.356691,0.000000
8448.979492,14.356691,0.000000
8489.795898,14.356691,0.000000
8530.612305,14.356691,0.000000
8571.428711,14.356691,0.000000
8612.245117,14.356691,0.000000
8653.061523,14.356691,0.000000
8693.877930,14.356691,0.000000
8734.693359,14.356691,0.000000
8775.509766,14.356691,0.000000
8816.326172,14.356691,0.000000
8857.142578,14.356691,0.000000
8897.958984,14.356691,0.000000
8938.775391,14.356691,0.000000
8979.591797,14.356691,0.000000
7020.408203,15.056349,0.000000
7061.224609,15.056349,0.000000
7102.041016,15.056349,0.000000
7142.857422,15.056349,0.000000
7183.673340,15.056349,0.000000
7224.489746,15.056349,0.000000
7265.306152,15.056349,0.000000
7306.122559,15.056349,0.000000
7346.938965,15.056349,0.000000
7387.754883,15.056349,0.000000
7428.571289,15.056349,0.000000
7469.387695,15.056349,0.000000
7510.204102,15.056349,0.000000
7551.020508,15.056349,0.000000
7591.836914,15.056349,0.000000
7632.653320,15.056349,0.000000
7673.469238,15.056349,0.000000
7714.285645,15.056349,0.000000
7755.102051,15.056349,0.000000
7795.918457,15.056349,0.000000
7836.734863,15.056349,0.000000
7877.550781,15.056349,0.000000
7918.367188,15.056349,0.000000
7959.183594,15.056349,0.000000
8000.000000,15.056349,0.000000
8040.816406,15.056349,0.000000
8081.632812,15.056349,0.000000
8122.449219,15.056349,0.000000
8163.265137,15.056349,0.000000
8204.082031,15.056349,0.000000
8244.898438,15.056349,0.000000
8285.713867,15.056349,0.000000
8326.530273,15.056349,0.000000
8367.346680,15.056349,0.000000
8408.163086,15.056349,0.000000
8448.979492,15.056349,0.000000
8489.795898,15.056349,0.000000
8530.612305,15.056349,0.000000
8571.428711,15.056349,0.000000
8612.245117,15.056349,0.000000
8653.061523,15.056349,0.000000
8693.877930,15.056349,0.000000
8734.693359,15.056349,0.000000
8775.509766,15.056349,0.000000
8816.326172,15.056349,0.000000
8857.142578,15.056349,0.000000
8897.958984,15.056349,0.000000
8938.775391,15.056349,0.000000
8979.591797,15.056349,0.000000
7020.408203,15.756004,0.000000
7061.224609,15.756004,0.000000
7102.041016,15.756004,0.000000
7142.857422,15.756004,0.000000
7183.673340,15.756004,0.000000
7224.489746,15.756004,0.000000
7265.306152,15.756004,0.000000
7306.122559,15.756004,0.000000
7346.938965,15.756004,0.000000
7387.754883,15.756004,0.000000
7428.571289,15.756004,0.000000
7469.387695,15.756004,0.000000
7510.204102,15.756004,0.000000
7551.020508,15.756004,0.000000
7591.836914,15.756004,0.000000
7632.653320,15.756004,0.000000
7673.469238,15.756004,0.000000
7714.285645,15.756004,0.000000
7755.102051,15.756004,0.000000
7795.918457,15.756004,0.000000
7836.734863,15.756004,0.000000
7877.550781,15.756004,0.000000
7918.367188,15.756004,0.000000
7959.183594,15.756004,0.000000
8000.000000,15.756004,0.000000
8040.816406,15.756004,0.000000
8081.632812,15.756004,0.000000
8122.449219,15.756004,0.000000
8163.265137,15.756004,0.000000
8204.082031,15.756004,0.000000
8244.898438,15.756004,0.000000
8285.713867,15.756004,0.000000
8326.530273,15.756004,0.000000
8367.346680,15.756004,0.000000
8408.163086,15.756004,0.000000
8448.979492,15.756004,0.000000
8489.795898,15.756004,0.000000
8530.612305,15.756004,0.000000
8571.428711,15.756004,0.000000
8612.245117,15.756004,0.000000
8653.061523,15.756004,0.000000
8693.877930,15.756004,0.000000
8734.693359,15.756004,0.000000
8775.509766,15.756004,0.000000
8816.326172,15.756004,0.000000
8857.142578,15.756004,0.000000
8897.958984,15.756004,0.000000
8938.775391,15.756004,0.000000
8979.591797,15.756004,0.000000
7020.408203,16.455662,0.000000
7061.224609,16.455662,0.000000
7102.041016,16.455662,0.000000
7142.857422,16.455662,0.000000
7183.673340,16.455662,0.000000
7224.489746,16.455662,0.000000
7265.306152,16.455662,0.000000
7306.122559,16.455662,0.000000
7346.938965,16.455662,0.000000
7387.754883,16.455662,0.000000
7428.571289,16.455662,0.000000
7469.387695,16.455662,0.000000
7510.204102,16.455662,0.000000
7551.020508,16.455662,0.000000
7591.836914,16.455662,0.000000
7632.653320,16.455662,0.000000
7673.469238,16.455662,0.000000
7714.285645,16.455662,0.000000
7755.102051,16.455662,0.000000
7795.918457,16.455662,0.000000
7836.734863,16.455662,0.000000
7877.550781,16.455662,0.000000
7918.367188,16.455662,0.000000
7959.183594,16.455662,0.000000
8000.000000,16.455662,0.000000
8040.816406,16.455662,0.000000
8081.632812,16.455662,0.000000
8122.449219,16.455662,0.000000
8163.265137,16.455662,0.000000
8204.082031,16.455662,0.000000
8244.898438,16.455662,0.000000
8285.713867,16.455662,0.000000
8326.530273,16.455662,0.000000
8367.346680,16.455662,0.000000
8408.163086,16.455662,0.000000
8448.979492,16.455662,0.000000
8489.795898,16.455662,0.000000
8530.612305,16.455662,0.000000
8571.428711,16.455662,0.000000
8612.245117,16.455662,0.000000
8653.061523,16.455662,0.000000
8693.877930,16.455662,0.000000
8734.693359,16.455662,0.000000
8775.509766,16.455662,0.000000
8816.326172,16.455662,0.000000
8857.142578,16.455662,0.000000
8897.958984,16.455662,0.000000
8938.775391,16.455662,0.000000
8979.591797,16.455662,0.000000
7020.408203,17.155319,0.000000
7061.224609,17.155319,0.000000
7102.041016,17.155319,0.000000
7142.857422,17.155319,0.000000
7183.673340,17.155319,0.000000
7224.489746,17.155319,0.000000
7265.306152,17.155319,0.000000
7306.122559,17.155319,0.000000
7346.938965,17.155319,0.000000
7387.754883,17.155319,0.000000
7428.571289,17.155319,0.000000
7469.387695,17.155319,0.000000
7510.204102,17.155319,0.000000
7551.020508,17.155319,0.000000
7591.836914,17.155319,0.000000
7632.653320,17.155319,0.000000
7673.469238,17.155319,0.000000
7714.285645,17.155319,0.000000
7755.102051,17.155319,0.000000
7795.918457,17.155319,0.000000
7836.734863,17.155319,0.000000
7877.550781,17.155319,0.000000
7918.367188,17.155319,0.000000
7959.183594,17.155319,0.000000
8000.000000,17.155319,0.000000
8040.816406,17.155319,0.000000
8081.632812,17.155319,0.000000
8122.449219,17.155319,0.000000
8163.265137,17.155319,0.000000
8204.082031,17.155319,0.000000
8244.898438,17.155319,0.000000
8285.713867,17.155319,0.000000
8326.530273,17.155319,0.000000
8367.346680,17.155319,0.000000
8408.163086,17.155319,0.000000
8448.979492,17.155319,0.000000
8489.795898,17.155319,0.000000
8530.612305,17.155319,0.000000
8571.428711,17.155319,0.000000
8612.245117,17.155319,0.000000
8653.061523,17.155319,0.000000
8693.877930,17.155319,0.000000
8734.693359,17.155319,0.000000
8775.509766,17.155319,0.000000
8816.326172,17.155319,0.000000
8857.142578,17.155319,0.000000
8897.958984,17.155319,0.000000
8938.775391,17.155319,0.000000
8979.591797,17.155319,0.000000
7020.408203,17.854977,0.000000
7061.224609,17.854977,0.000000
7102.041016,17.854977,0.000000
7142.857422,17.854977,0.000000
7183.673340,17.854977,0.000000
7224.489746,17.854977,0.000000
7265.306152,17.854977,0.000000
7306.122559,17.854977,0.000000
7346.938965,17.854977,0.000000
7387.754883,17.854977,0.000000
7428.571289,17.854977,0.000000
7469.387695,17.854977,0.000000
7510.204102,17.854977,0.000000
7551.020508,17.854977,0.000000
7591.836914,17.854977,0.000000
7632.653320,17.854977,0.000000
7673.469238,17.854977,0.000000
7714.285645,17.854977,0.000000
7755.102051,17.854977,0.000000
7795.918457,17.854977,0.000000
7836.734863,17.854977,0.000000
7877.550781,17.854977,0.000000
7918.367188,17.854977,0.000000
7959.183594,17.854977,0.000000
8000.000000,17.854977,0.000000
8040.816406,17.854977,0.000000
8081.632812,17.854977,0.000000
8122.449219,17.854977,0.000000
8163.265137,17.854977,0.000000
8204.082031,17.854977,0.000000
8244.898438,17.854977,0.000000
8285.713867,17.854977,0.000000
8326.530273,17.854977,0.000000
8367.346680,17.854977,0.000000
8408.163086,17.854977,0.000000
8448.979492,17.854977,0.000000
8489.795898,17.854977,0.000000
8530.612305,17.854977,0.000000
8571.428711,17.854977,0.000000
8612.245117,17.854977,0.000000
8653.061523,17.854977,0.000000
8693.877930,17.854977,0.000000
8734.693359,17.854977,0.000000
8775.509766,17.854977,0.000000
8816.326172,17.854977,0.000000
8857.142578,17.854977,0.000000
8897.958984,17.854977,0.000000
8938.775391,17.854977,0.000000
8979.591797,17.854977,0.000000
7020.408203,18.554632,0.000000
7061.224609,18.554632,0.000000
7102.041016,18.554632,0.000000
7142.857422,18.554632,0.000000
7183.673340,18.554632,0.000000
7224.489746,18.554632,0.000000
7265.306152,18.554632,0.000000
7306.122559,18.554632,0.000000
7346.938965,18.554632,0.000000
7387.754883,18.554632,0.000000
7428.571289,18.554632,0.000000
7469.387695,18.554632,0.000000
7510.204102,18.554632,0.000000
7551.020508,18.554632,0.000000
7591.836914,18.554632,0.000000
7632.653320,18.554632,0.000000
7673.469238,18.554632,0.000000
7714.285645,18.554632,0.000000
7755.102051,18.554632,0.000000
7795.918457,18.554632,0.000000
7836.734863,18.554632,0.000000
7877.550781,18.554632,0.000000
7918.367188,18.554632,0.000000
7959.183594,18.554632,0.000000
8000.000000,18.554632,0.000000
8040.816406,18.554632,0.000000
8081.632812,18.554632,0.000000
8122.449219,18.554632,0.000000
8163.265137,18.554632,0.000000
8204.082031,18.554632,0.000000
8244.898438,18.554632,0.000000
8285.713867,18.554632,0.000000
8326.530273,18.554632,0.000000
8367.346680,18.554632,0.000000
8408.163086,18.554632,0.000000
8448.979492,18.554632,0.000000
8489.795898,18.554632,0.000000
8530.612305,18.554632,0.000000
8571.428711,18.554632,0.000000
8612.245117,18.554632,0.000000
8653.061523,18.554632,0.000000
8693.877930,18.554632,0.000000
8734.693359,18.554632,0.000000
8775.509766,18.554632,0.000000
8816.326172,18.554632,0.000000
8857.142578,18.554632,0.000000
8897.958984,18.554632,0.000000
8938.775391,18.554632,0.000000
8979.591797,18.554632,0.000000
7020.408203,19.254290,0.000000
7061.224609,19.254290,0.000000
7102.041016,19.254290,0.000000
7142.857422,19.254290,0.000000
7183.673340,19.254290,0.000000
7224.489746,19.254290,0.000000
7265.306152,19.254290,0.000000
7306.122559,19.254290,0.000000
7346.938965,19.254290,0.000000
7387.754883,19.254290,0.000000
7428.571289,19.254290,0.000000
7469.387695,19.254290,0.000000
7510.204102,19.254290,0.000000
7551.020508,19.254290,0.000000
7591.836914,19.254290,0.000000
7632.653320,19.254290,0.000000
7673.469238,19.254290,0.000000
7714.285645,19.254290,0.000000
7755.102051,19.254290,0.000000
7795.918457,19.254290,0.000000
7836.734863,19.254290,0.000000
7877.550781,19.254290,0.000000
7918.367188,19.254290,0.000000
7959.183594,19.254290,0.000000
8000.000000,19.254290,0.000000
8040.816406,19.254290,0.000000
8081.632812,19.254290,0.000000
8122.449219,19.254290,0.000000
8163.265137,19.254290,0.000000
8204.082031,19.254290,0.000000
8244.898438,19.254290,0.000000
8285.713867,19.254290,0.000000
8326.530273,19.254290,0.000000
8367.346680,19.254290,0.000000
8408.163086,19.254290,0.000000
8448.979492,19.254290,0.000000
8489.795898,19.254290,0.000000
8530.612305,19.254290,0.000000
8571.428711,19.254290,0.000000
8612.245117,19.254290,0.000000
8653.061523,19.254290,0.000000
8693.877930,19.254290,0.000000
8734.693359,19.254290,0.000000
8775.509766,19.254290,0.000000
8816.326172,19.254290,0.000000
8857.142578,19.254290,0.000000
8897.958984,19.254290,0.000000
8938.775391,19.254290,0.000000
8979.591797,19.254290,0.000000
7020.408203,19.953945,0.000000
7061.224609,19.953945,0.000000
7102.041016,19.953945,0.000000
7142.857422,19.953945,0.000000
7183.673340,19.953945,0.000000
7224.489746,19.953945,0.000000
7265.306152,19.953945,0.000000
7306.122559,19.953945,0.000000
7346.938965,19.953945,0.000000
7387.754883,19.953945,0.000000
7428.571289,19.953945,0.000000
7469.387695,19.953945,0.000000
7510.204102,19.953945,0.000000
7551.020508,19.953945,0.000000
7591.836914,19.953945,0.000000
7632.653320,19.953945,0.000000
7673.469238,19.953945,0.000000
7714.285645,19.953945,0.000000
7755.102051,19.953945,0.000000
7795.918457,19.953945,0.000000
7836.734863,19.953945,0.000000
7877.550781,19.953945,0.000000
7918.367188,19.953945,0.000000
7959.183594,19.953945,0.000000
8000.000000,19.953945,0.000000
8040.816406,19.953945,0.000000
8081.632812,19.953945,0.000000
8122.449219,19.953945,0.000000
8163.265137,19.953945,0.000000
8204.082031,19.953945,0.000000
8244.898438,19.953945,0.000000
8285.713867,19.953945,0.000000
8326.530273,19.953945,0.000000
8367.346680,19.953945,0.000000
8408.163086,19.953945,0.000000
8448.979492,19.953945,0.000000
8489.795898,19.953945,0.000000
8530.612305,19.953945,0.000000
8571.428711,19.953945,0.000000
8612.245117,19.953945,0.000000
8653.061523,19.953945,0.000000
8693.877930,19.953945,0.000000
8734.693359,19.953945,0.000000
8775.509766,19.953945,0.000000
8816.326172,19.953945,0.000000
8857.142578,19.953945,0.000000
8897.958984,19.953945,0.000000
8938.775391,19.953945,0.000000
8979.591797,19.953945,0.000000
7020.408203,20.653603,0.000000
7061.224609,20.653603,0.000000
7102.041016,20.653603,0.000000
7142.857422,20.653603,0.000000
7183.673340,20.653603,0.000000
7224.489746,20.653603,0.000000
7265.306152,20.653603,0.000000
7306.122559,20.653603,0.000000
7346.938965,20.653603,0.000000
7387.754883,20.653603,0.000000
7428.571289,20.653603,0.000000
7469.387695,20.653603,0.000000
7510.204102,20.653603,0.000000
7551.020508,20.653603,0.000000
7591.836914,20.653603,0.000000
7632.653320,20.653603,0.000000
7673.469238,20.653603,0.000000
7714.285645,20.653603,0.000000
7755.102051,20.653603,0.000000
7795.918457,20.653603,0.000000
7836.734863,20.653603,0.000000
7877.550781,20.653603,0.000000
7918.367188,20.653603,0.000000
7959.183594,20.653603,0.000000
8000.000000,20.653603,0.000000
8040.816406,20.653603,0.000000
8081.632812,20.653603,0.000000
8122.449219,20.653603,0.000000
8163.265137,20.653603,0.000000
8204.082031,20.653603,0.000000
8244.898438,20.653603,0.000000
8285.713867,20.653603,0.000000
8326.530273,20.653603,0.000000
8367.346680,20.653603,0.000000
8408.163086,20.653603,0.000000
8448.979492,20.653603,0.000000
8489.795898,20.653603,0.000000
8530.612305,20.653603,0.000000
8571.428711,20.653603,0.000000
8612.245117,20.653603,0.000000
8653.061523,20.653603,0.000000
8693.877930,20.653603,0.000000
8734.693359,20.653603,0.000000
8775.509766,20.653603,0.000000
8816.326172,20.653603,0.000000
8857.142578,20.653603,0.000000
8897.958984,20.653603,0.000000
8938.775391,20.653603,0.000000
8979.591797,20.653603,0.000000
7020.408203,21.353260,0.000000
7061.224609,21.353260,0.000000
7102.041016,21.353260,0.000000
7142.857422,21.353260,0.000000
7183.673340,21.353260,0.000000
7224.489746,21.353260,0.000000
7265.306152,21.353260,0.000000
7306.122559,21.353260,0.000000
7346.938965,21.353260,0.000000
7387.754883,21.353260,0.000000
7428.571289,21.353260,0.000000
7469.387695,21.353260,0.000000
7510.204102,21.353260,0.000000
7551.020508,21.353260,0.000000
7591.836914,21.353260,0.000000
7632.653320,21.353260,0.000000
7673.469238,21.353260,0.000000
7714.285645,21.353260,0.000000
7755.102051,21.353260,0.000000
7795.918457,21.353260,0.000000
7836.734863,21.353260,0.000000
7877.550781,21.353260,0.000000
7918.367188,21.353260,0.000000
7959.183594,21.353260,0.000000
8000.000000,21.353260,0.000000
8040.816406,21.353260,0.000000
8081.632812,21.353260,0.000000
8122.449219,21.353260,0.000000
8163.265137,21.353260,0.000000
8204.082031,21.353260,0.000000
8244.898438,21.353260,0.000000
8285.713867,21.353260,0.000000
8326.530273,21.353260,0.000000
8367.346680,21.353260,0.000000
8408.163086,21.353260,0.000000
8448.979492,21.353260,0.000000
8489.795898,21.353260,0.000000
8530.612305,21.353260,0.000000
8571.428711,21.353260,0.000000
8612.245117,21.353260,0.000000
8653.061523,21.353260,0.000000
8693.877930,21.353260,0.000000
8734.693359,21.353260,0.000000
8775.509766,21.353260,0.000000
8816.326172,21.353260,0.000000
8857.142578,21.353260,0.000000
8897.958984,21.353260,0.000000
8938.775391,21.353260,0.000000
8979.591797,21.353260,0.000000
7020.408203,22.052917,0.000000
7061.224609,22.052917,0.000000
7102.041016,22.052917,0.000000
7142.857422,22.052917,0.000000
7183.673340,22.052917,0.000000
7224.489746,22.052917,0.000000
7265.306152,22.052917,0.000000
7306.122559,22.052917,0.000000
7346.938965,22.052917,0.000000
7387.754883,22.052917,0.000000
7428.571289,22.052917,0.000000
7469.387695,22.052917,0.000000
7510.204102,22.052917,0.000000
7551.020508,22.052917,0.000000
7591.836914,22.052917,0.000000
7632.653320,22.052917,0.000000
7673.469238,22.052917,0.000000
7714.285645,22.052917,0.000000
7755.102051,22.052917,0.000000
7795.918457,22.052917,0.000000
7836.734863,22.052917,0.000000
7877.550781,22.052917,0.000000
7918.367188,22.052917,0.000000
7959.183594,22.052917,0.000000
8000.000000,22.052917,0.000000
8040.816406,22.052917,0.000000
8081.632812,22.052917,0.000000
8122.449219,22.052917,0.000000
8163.265137,22.052917,0.000000
8204.082031,22.052917,0.000000
8244.898438,22.052917,0.000000
8285.713867,22.052917,0.000000
8326.530273,22.052917,0.000000
8367.346680,22.052917,0.000000
8408.163086,22.052917,0.000000
8448.979492,22.052917,0.000000
8489.795898,22.052917,0.000000
8530.612305,22.052917,0.000000
8571.428711,22.052917,0.000000
8612.245117,22.052917,0.000000
8653.061523,22.052917,0.000000
8693.877930,22.052917,0.000000
8734.693359,22.052917,0.000000
8775.509766,22.052917,0.000000
8816.326172,22.052917,0.000000
8857.142578,22.052917,0.000000
8897.958984,22.052917,0.000000
8938.775391,22.052917,0.000000
8979.591797,22.052917,0.000000
7020.408203,22.752573,0.000000
7061.224609,22.752573,0.000000
7102.041016,22.752573,0.000000
7142.857422,22.752573,0.000000
7183.673340,22.752573,0.000000
7224.489746,22.752573,0.000000
7265.306152,22.752573,0.000000
7306.122559,22.752573,0.000000
7346.938965,22.752573,0.000000
7387.754883,22.752573,0.000000
7428.571289,22.752573,0.000000
7469.387695,22.752573,0.000000
7510.204102,22.752573,0.000000
7551.020508,22.752573,0.000000
7591.836914,22.752573,0.000000
7632.653320,22.752573,0.000000
7673.469238,22.752573,0.000000
7714.285645,22.752573,0.000000
7755.102051,22.752573,0.000000
7795.918457,22.752573,0.000000
7836.734863,22.752573,0.000000
7877.550781,22.752573,0.000000
7918.367188,22.752573,0.000000
7959.183594,22.752573,0.000000
8000.000000,22.752573,0.000000
8040.816406,22.752573,0.000000
8081.632812,22.752573,0.000000
8122.449219,22.752573,0.000000
8163.265137,22.752573,0.000000
8204.082031,22.752573,0.000000
8244.898438,22.752573,0.000000
8285.713867,22.752573,0.000000
8326.530273,22.752573,0.000000
8367.346680,22.752573,0.000000
8408.163086,22.752573,0.000000
8448.979492,22.752573,0.000000
8489.795898,22.752573,0.000000
8530.612305,22.752573,0.000000
8571.428711,22.752573,0.000000
8612.245117,22.752573,0.000000
8653.061523,22.752573,0.000000
8693.877930,22.752573,0.000000
8734.693359,22.752573,0.000000
8775.509766,22.752573,0.000000
8816.326172,22.752573,0.000000
8857.142578,22.752573,0.000000
8897.958984,22.752573,0.000000
8938.775391,22.752573,0.000000
8979.591797,22.752573,0.000000
7020.408203,23.452230,0.000000
7061.224609,23.452230,0.000000
7102.041016,23.452230,0.000000
7142.857422,23.452230,0.000000
7183.673340,23.452230,0.000000
7224.489746,23.452230,0.000000
7265.306152,23.452230,0.000000
7306.122559,23.452230,0.000000
7346.938965,23.452230,0.000000
7387.754883,23.452230,0.000000
7428.571289,23.452230,0.000000
7469.387695,23.452230,0.000000
7510.204102,23.452230,0.000000
7551.020508,23.452230,0.000000
7591.836914,23.452230,0.000000
7632.653320,23.452230,0.000000
7673.469238,23.452230,0.000000
7714.285645,23.452230,0.000000
7755.102051,23.452230,0.000000
7795.918457,23.452230,0.000000
7836.734863,23.452230,0.000000
7877.550781,23.452230,0.000000
7918.367188,23.452230,0.000000
7959.183594,23.452230,0.000000
8000.000000,23.452230,0.000000
8040.816406,23.452230,0.000000
8081.632812,23.452230,0.000000
8122.449219,23.452230,0.000000
8163.265137,23.452230,0.000000
8204.082031,23.452230,0.000000
8244.898438,23.452230,0.000000
8285.713867,23.452230,0.000000
8326.530273,23.452230,0.000000
8367.346680,23.452230,0.000000
8408.163086,23.452230,0.000000
8448.979492,23.452230,0.000000
8489.795898,23.452230,0.000000
8530.612305,23.452230,0.000000
8571.428711,23.452230,0.000000
8612.245117,23.452230,0.000000
8653.061523,23.452230,0.000000
8693.877930,23.452230,0.000000
8734.693359,23.452230,0.000000
8775.509766,23.452230,0.000000
8816.326172,23.452230,0.000000
8857.142578,23.452230,0.000000
8897.958984,23.452230,0.000000
8938.775391,23.452230,0.000000
8979.591797,23.452230,0.000000
7020.408203,24.151888,0.000000
7061.224609,24.151888,0.000000
7102.041016,24.151888,0.000000
7142.857422,24.151888,0.000000
7183.673340,24.151888,0.000000
7224.489746,24.151888,0.000000
7265.306152,24.151888,0.000000
7306.122559,24.151888,0.000000
7346.938965,24.151888,0.000000
7387.754883,24.151888,0.000000
7428.571289,24.151888,0.000000
7469.387695,24.151888,0.000000
7510.204102,24.151888,0.000000
7551.020508,24.151888,0.000000
7591.836914,24.151888,0.000000
7632.653320,24.151888,0.000000
7673.469238,24.151888,0.000000
7714.285645,24.151888,0.000000
7755.102051,24.151888,0.000000
7795.918457,24.151888,0.000000
7836.734863,24.151888,0.000000
7877.550781,24.151888,0.000000
7918.367188,24.151888,0.000000
7959.183594,24.151888,0.000000
8000.000000,24.151888,0.000000
8040.816406,24.151888,0.000000
8081.632812,24.151888,0.000000
8122.449219,24.151888,0.000000
8163.265137,24.151888,0.000000
8204.082031,24.151888,0.000000
8244.898438,24.151888,0.000000
8285.713867,24.151888,0.000000
8326.530273,24.151888,0.000000
8367.346680,24.151888,0.000000
8408.163086,24.151888,0.000000
8448.979492,24.151888,0.000000
8489.795898,24.151888,0.000000
8530.612305,24.151888,0.000000
8571.428711,24.151888,0.000000
8612.245117,24.151888,0.000000
8653.061523,24.151888,0.000000
8693.877930,24.151888,0.000000
8734.693359,24.151888,0.000000
8775.509766,24.151888,0.000000
8816.326172,24.151888,0.000000
8857.142578,24.151888,0.000000
8897.958984,24.151888,0.000000
8938.775391,24.151888,0.000000
8979.591797,24.151888,0.000000
7020.408203,24.851543,0.000000
7061.224609,24.851543,0.000000
7102.041016,24.851543,0.000000
7142.857422,24.851543,0.000000
7183.673340,24.851543,0.000000
7224.489746,24.851543,0.000000
7265.306152,24.851543,0.000000
7306.122559,24.851543,0.000000
7346.938965,24.851543,0.000000
7387.754883,24.851543,0.000000
7428.571289,24.851543,0.000000
7469.387695,24.851543,0.000000
7510.204102,24.851543,0.000000
7551.020508,24.851543,0.000000
7591.836914,24.851543,0.000000
7632.653320,24.851543,0.000000
7673.469238,24.851543,0.000000
7714.285645,24.851543,0.000000
7755.102051,24.851543,0.000000
7795.918457,24.851543,0.000000
7836.734863,24.851543,0.000000
7877.550781,24.851543,0.000000
7918.367188,24.851543,0.000000
7959.183594,24.851543,0.000000
8000.000000,24.851543,0.000000
8040.816406,24.851543,0.000000
8081.632812,24.851543,0.000000
8122.449219,24.851543,0.000000
8163.265137,24.851543,0.000000
8204.082031,24.851543,0.000000
8244.898438,24.851543,0.000000
8285.713867,24.851543,0.000000
8326.530273,24.851543,0.000000
8367.346680,24.851543,0.000000
8408.163086,24.851543,0.000000
8448.979492,24.851543,0.000000
8489.795898,24.851543,0.000000
8530.612305,24.851543,0.000000
8571.428711,24.851543,0.000000
8612.245117,24.851543,0.000000
8653.061523,24.851543,0.000000
8693.877930,24.851543,0.000000
8734.693359,24.851543,0.000000
8775.509766,24.851543,0.000000
8816.326172,24.851543,0.000000
8857.142578,24.851543,0.000000
8897.958984,24.851543,0.000000
8938.775391,24.851543,0.000000
8979.591797,24.851543,0.000000
7020.408203,25.551201,0.000000
7061.224609,25.551201,0.000000
7102.041016,25.551201,0.000000
7142.857422,25.551201,0.000000
7183.673340,25.551201,0.000000
7224.489746,25.551201,0.000000
7265.306152,25.551201,0.000000
7306.122559,25.551201,0.000000
7346.938965,25.551201,0.000000
7387.754883,25.551201,0.000000
7428.571289,25.551201,0.000000
7469.387695,25.551201,0.000000
7510.204102,25.551201,0.000000
7551.020508,25.551201,0.000000
7591.836914,25.551201,0.000000
7632.653320,25.551201,0.000000
7673.469238,25.551201,0.000000
7714.285645,25.551201,0.000000
7755.102051,25.551201,0.000000
7795.918457,25.551201,0.000000
7836.734863,25.551201,0.000000
7877.550781,25.551201,0.000000
7918.367188,25.551201,0.000000
7959.183594,25.551201,0.000000
8000.000000,25.551201,0.000000
8040.816406,25.551201,0.000000
8081.632812,25.551201,0.000000
8122.449219,25.551201,0.000000
8163.265137,25.551201,0.000000
8204.082031,25.551201,0.000000
8244.898438,25.551201,0.000000
8285.713867,25.551201,0.000000
8326.530273,25.551201,0.000000
8367.346680,25.551201,0.000000
8408.163086,25.551201,0.000000
8448.979492,25.551201,0.000000
8489.795898,25.551201,0.000000
8530.612305,25.551201,0.000000
8571.428711,25.551201,0.000000
8612.245117,25.551201,0.000000
8653.061523,25.551201,0.000000
8693.877930,25.551201,0.000000
8734.693359,25.551201,0.000000
8775.509766,25.551201,0.000000
8816.326172,25.551201,0.000000
8857.142578,25.551201,0.000000
8897.958984,25.551201,0.000000
8938.775391,25.551201,0.000000
8979.591797,25.551201,0.000000
7020.408203,26.250858,0.000000
7061.224609,26.250858,0.000000
7102.041016,26.250858,0.000000
7142.857422,26.250858,0.000000
7183.673340,26.250858,0.000000
7224.489746,26.250858,0.000000
7265.306152,26.250858,0.000000
7306.122559,26.250858,0.000000
7346.938965,26.250858,0.000000
7387.754883,26.250858,0.000000
7428.571289,26.250858,0.000000
7469.387695,26.250858,0.000000
7510.204102,26.250858,0.000000
7551.020508,26.250858,0.000000
7591.836914,26.250858,0.000000
7632.653320,26.250858,0.000000
7673.469238,26.250858,0.000000
7714.285645,26.250858,0.000000
7755.102051,26.250858,0.000000
7795.918457,26.250858,0.000000
7836.734863,26.250858,0.000000
7877.550781,26.250858,0.000000
7918.367188,26.250858,0.000000
7959.183594,26.250858,0.000000
8000.000000,26.250858,0.000000
8040.816406,26.250858,0.000000
8081.632812,26.250858,0.000000
8122.449219,26.250858,0.000000
8163.265137,26.250858,0.000000
8204.082031,26.250858,0.000000
8244.898438,26.250858,0.000000
8285.713867,26.250858,0.000000
8326.530273,26.250858,0.000000
8367.346680,26.250858,0.000000
8408.163086,26.250858,0.000000
8448.979492,26.250858,0.000000
8489.795898,26.250858,0.000000
8530.612305,26.250858,0.000000
8571.428711,26.250858,0.000000
8612.245117,26.250858,0.000000
8653.061523,26.250858,0.000000
8693.877930,26.250858,0.000000
8734.693359,26.250858,0.000000
8775.509766,26.250858,0.000000
8816.326172,26.250858,0.000000
8857.142578,26.250858,0.000000
8897.958984,26.250858,0.000000
8938.775391,26.250858,0.000000
8979.591797,26.250858,0.000000
7020.408203,26.950516,0.000000
7061.224609,26.950516,0.000000
7102.041016,26.950516,0.000000
7142.857422,26.950516,0.000000
7183.673340,26.950516,0.000000
7224.489746,26.950516,0.000000
7265.306152,26.950516,0.000000
7306.122559,26.950516,0.000000
7346.938965,26.950516,0.000000
7387.754883,26.950516,0.000000
7428.571289,26.950516,0.000000
7469.387695,26.950516,0.000000
7510.204102,26.950516,0.000000
7551.020508,26.950516,0.000000
7591.836914,26.950516,0.000000
7632.653320,26.950516,0.000000
7673.469238,26.950516,0.000000
7714.285645,26.950516,0.000000
7755.102051,26.950516,0.000000
7795.918457,26.950516,0.000000
7836.734863,26.950516,0.000000
7877.550781,26.950516,0.000000
7918.367188,26.950516,0.000000
7959.183594,26.950516,0.000000
8000.000000,26.950516,0.000000
8040.816406,26.950516,0.000000
8081.632812,26.950516,0.000000
8122.449219,26.950516,0.000000
8163.265137,26.950516,0.000000
8204.082031,26.950516,0.000000
8244.898438,26.950516,0.000000
8285.713867,26.950516,0.000000
8326.530273,26.950516,0.000000
8367.346680,26.950516,0.000000
8408.163086,26.950516,0.000000
8448.979492,26.950516,0.000000
8489.795898,26.950516,0.000000
8530.612305,26.950516,0.000000
8571.428711,26.950516,0.000000
8612.245117,26.950516,0.000000
8653.061523,26.950516,0.000000
8693.877930,26.950516,0.000000
8734.693359,26.950516,0.000000
8775.509766,26.950516,0.000000
8816.326172,26.950516,0.000000
8857.142578,26.950516,0.000000
8897.958984,26.950516,0.000000
8938.775391,26.950516,0.000000
8979.591797,26.950516,0.000000
7020.408203,27.650171,0.000000
7061.224609,27.650171,0.000000
7102.041016,27.650171,0.000000
7142.857422,27.650171,0.000000
7183.673340,27.650171,0.000000
7224.489746,27.650171,0.000000
7265.306152,27.650171,0.000000
7306.122559,27.650171,0.000000
7346.938965,27.650171,0.000000
7387.754883,27.650171,0.000000
7428.571289,27.650171,0.000000
7469.387695,27.650171,0.000000
7510.204102,27.650171,0.000000
7551.020508,27.650171,0.000000
7591.836914,27.650171,0.000000
7632.653320,27.650171,0.000000
7673.469238,27.650171,0.000000
7714.285645,27.650171,0.000000
7755.102051,27.650171,0.000000
7795.918457,27.650171,0.000000
7836.734863,27.650171,0.000000
7877.550781,27.650171,0.000000
7918.367188,27.650171,0.000000
7959.183594,27.650171,0.000000
8000.000000,27.650171,0.000000
8040.816406,27.650171,0.000000
8081.632812,27.650171,0.000000
8122.449219,27.650171,0.000000
8163.265137,27.650171,0.000000
8204.082031,27.650171,0.000000
8244.898438,27.650171,0.000000
8285.713867,27.650171,0.000000
8326.530273,27.650171,0.000000
8367.346680,27.650171,0.000000
8408.163086,27.650171,0.000000
8448.979492,27.650171,0.000000
8489.795898,27.650171,0.000000
8530.612305,27.650171,0.000000
8571.428711,27.650171,0.000000
8612.245117,27.650171,0.000000
8653.061523,27.650171,0.000000
8693.877930,27.650171,0.000000
8734.693359,27.650171,0.000000
8775.509766,27.650171,0.000000
8816.326172,27.650171,0.000000
8857.142578,27.650171,0.000000
8897.958984,27.650171,0.000000
8938.775391,27.650171,0.000000
8979.591797,27.650171,0.000000
